company,car_model,about_car,price,offer,previous_price,downpayment,EMI
2009 Toyota CamryW4 AT Automatic,W4 AT Automatic,"99,864 km1st OwnerPetrol","₹307,299"," ₹5,000 OFF","₹312,299",Zero downpayment,"₹6,836/month"
2020 Skoda Rapid1.0 AMBITION TSI MT Manual,1.0 AMBITION TSI MT Manual,"6,981 km1st OwnerPetrol","₹901,299"," ₹5,000 OFF","₹906,299",Zero downpayment,"₹20,049/month"
2017 Maruti DzireZXI AMT Automatic,ZXI AMT Automatic,"92,719 km1st OwnerPetrol","₹717,899"," ₹38,000 OFF","₹755,899",Zero downpayment,"₹15,969/month"
2020 Hyundai VENUES MT 1.2 KAPPA Manual,S MT 1.2 KAPPA Manual,547 km1st OwnerPetrol,"₹826,399"," ₹5,000 OFF","₹831,399",Zero downpayment,"₹18,383/month"
2018 Honda WR-V1.2 i-VTEC VX MT Manual,1.2 i-VTEC VX MT Manual,"16,631 km1st OwnerPetrol","₹850,899"," ₹31,000 OFF","₹881,899",Zero downpayment,"₹18,928/month"
,,,,,,,
,,,,,,,
2018 Volkswagen PoloTrendline 1.0 L Petrol Manual,Trendline 1.0 L Petrol Manual,"43,686 km1st OwnerPetrol","₹506,499"," ₹41,000 OFF","₹547,499",Zero downpayment,"₹11,267/month"
2015 Hyundai Creta1.6 SX CRDI Manual,1.6 SX CRDI Manual,"110,584 km1st OwnerDiesel","₹907,699"," ₹48,000 OFF","₹955,699",Zero downpayment,"₹20,191/month"
2019 Hyundai VENUE1.0 TURBO GDI SX+ AT Automatic,1.0 TURBO GDI SX+ AT Automatic,"26,448 km1st OwnerPetrol","₹1,081,099"," ₹6,000 OFF","₹1,087,099",Zero downpayment,"₹24,048/month"
2017 Hyundai i20 Active1.2 S Manual,1.2 S Manual,"57,900 km1st OwnerPetrol","₹582,699"," ₹23,000 OFF","₹605,699",Zero downpayment,"₹12,962/month"
2014 Hyundai Elite i20ASTA 1.2 Manual,ASTA 1.2 Manual,"43,096 km2nd OwnerPetrol","₹512,599"," ₹49,000 OFF","₹561,599",Zero downpayment,"₹11,402/month"
2016 Maruti Vitara BrezzaZDI PLUS Manual,ZDI PLUS Manual,"97,103 km1st OwnerDiesel","₹773,199"," ₹5,000 OFF","₹778,199",Zero downpayment,"₹17,199/month"
2016 Toyota Corolla AltisVL AT Automatic,VL AT Automatic,"90,835 km1st OwnerPetrol","₹933,899"," ₹50,000 OFF","₹983,899",Zero downpayment,"₹20,774/month"
2016 Hyundai i20 Active1.4 S Manual,1.4 S Manual,"82,548 km1st OwnerDiesel","₹596,399"," ₹41,000 OFF","₹637,399",Zero downpayment,"₹13,267/month"
2017 Honda WR-V1.2 i-VTEC VX MT Manual,1.2 i-VTEC VX MT Manual,"37,871 km1st OwnerPetrol","₹723,799"," ₹12,000 OFF","₹735,799",Zero downpayment,"₹16,101/month"
2017 Honda WR-V1.5 i-DTEC VX MT Manual,1.5 i-DTEC VX MT Manual,"53,017 km1st OwnerDiesel","₹761,999"," ₹41,000 OFF","₹802,999",Zero downpayment,"₹16,950/month"
2016 Hyundai Creta1.6 SX PLUS AUTO PETROL Automatic,1.6 SX PLUS AUTO PETROL Automatic,"39,104 km1st OwnerPetrol","₹1,056,399"," ₹45,000 OFF","₹1,101,399",Zero downpayment,"₹23,499/month"
2017 Maruti DzireZXI Plus AMT Automatic,ZXI Plus AMT Automatic,"38,194 km1st OwnerPetrol","₹647,999"," ₹11,000 OFF","₹658,999",Zero downpayment,"₹14,414/month"
2018 Ford Figo Aspire1.5 TREND DIESEL Manual,1.5 TREND DIESEL Manual,"47,965 km1st OwnerDiesel","₹516,399"," ₹36,000 OFF","₹552,399",Zero downpayment,"₹11,487/month"
2017 Maruti DzireVDI Manual,VDI Manual,"107,185 km1st OwnerDiesel","₹674,399"," ₹50,000 OFF","₹724,399",Zero downpayment,"₹15,002/month"
2019 Maruti New  Wagon-RVXI 1.0 ,VXI 1.0 ,"3,555 km1st OwnerPetrol","₹521,899"," ₹30,000 OFF","₹551,899",Zero downpayment,"₹11,609/month"
2019 Hyundai VENUE1.4 CRDI S MT Manual,1.4 CRDI S MT Manual,"11,482 km1st OwnerDiesel","₹911,699"," ₹35,000 OFF","₹946,699",Zero downpayment,"₹20,280/month"
2016 Hyundai Grand i10SPORTS 1.2 VTVT Manual,SPORTS 1.2 VTVT Manual,"53,881 km1st OwnerPetrol","₹408,799"," ₹12,000 OFF","₹420,799",Zero downpayment,"₹9,094/month"
2019 Hyundai VENUESX(O) CRDi Manual,SX(O) CRDi Manual,"23,558 km1st OwnerDiesel","₹994,699"," ₹6,000 OFF","₹1,000,699",Zero downpayment,"₹22,127/month"
2017 Maruti DzireZDI Manual,ZDI Manual,"40,204 km1st OwnerDiesel","₹730,399"," ₹50,000 OFF","₹780,399",Zero downpayment,"₹16,247/month"
2014 Maruti Wagon R StingrayVXI Manual,VXI Manual,"81,428 km2nd OwnerPetrol","₹322,799"," ₹17,000 OFF","₹339,799",Zero downpayment,"₹7,180/month"
,,,,,,,
,,,,,,,
2017 Renault Kwid1.0 RXT Manual,1.0 RXT Manual,"31,147 km1st OwnerPetrol","₹303,199"," ₹32,000 OFF","₹335,199",Zero downpayment,"₹6,744/month"
2016 Maruti BalenoZETA 1.2 K12 Manual,ZETA 1.2 K12 Manual,"50,022 km1st OwnerPetrol","₹532,199"," ₹34,000 OFF","₹566,199",Zero downpayment,"₹11,838/month"
2017 Hyundai Elite i20SPORTZ 1.4 Manual,SPORTZ 1.4 Manual,"68,595 km2nd OwnerDiesel","₹609,899"," ₹33,000 OFF","₹642,899",Zero downpayment,"₹13,567/month"
2017 Hyundai Elite i20ERA 1.2 Manual,ERA 1.2 Manual,"11,371 km1st OwnerPetrol","₹539,199"," ₹24,000 OFF","₹563,199",Zero downpayment,"₹11,994/month"
2019 Maruti SwiftVDI Manual,VDI Manual,"19,590 km1st OwnerDiesel","₹703,799"," ₹9,000 OFF","₹712,799",Zero downpayment,"₹15,656/month"
2017 Maruti S CrossZETA 1.3 Manual,ZETA 1.3 Manual,"32,479 km1st OwnerDiesel","₹716,799"," ₹5,000 OFF","₹721,799",Zero downpayment,"₹15,945/month"
2018 Hyundai Creta1.4 E PLUS CRDI Manual,1.4 E PLUS CRDI Manual,"48,945 km3rd OwnerDiesel","₹909,099"," ₹35,000 OFF","₹944,099",Zero downpayment,"₹20,222/month"
2019 KIA SELTOSGTX+ 1.4 MT ,GTX+ 1.4 MT ,"5,348 km1st OwnerPetrol","₹1,849,799"," ₹7,000 OFF","₹1,856,799",Zero downpayment,"₹41,148/month"
2015 Ford Ecosport1.5TITANIUM TDCI Manual,1.5TITANIUM TDCI Manual,"62,314 km2nd OwnerDiesel","₹541,699"," ₹5,000 OFF","₹546,699",Zero downpayment,"₹12,050/month"
2017 Hyundai Elite i20SPORTZ 1.2 Manual,SPORTZ 1.2 Manual,"6,610 km1st OwnerPetrol","₹593,799"," ₹29,000 OFF","₹622,799",Zero downpayment,"₹13,209/month"
2019 Maruti SwiftZXI AMT Automatic,ZXI AMT Automatic,"4,888 km1st OwnerPetrol","₹703,499"," ₹5,000 OFF","₹708,499",Zero downpayment,"₹15,649/month"
2020 Maruti SwiftVXI Manual,VXI Manual,"1,550 km1st OwnerPetrol","₹627,799"," ₹12,000 OFF","₹639,799",Zero downpayment,"₹13,965/month"
2019 KIA SELTOSGTX+ 1.4 MT Manual,GTX+ 1.4 MT Manual,"12,046 km1st OwnerPetrol","₹1,778,199"," ₹24,000 OFF","₹1,802,199",Zero downpayment,"₹39,555/month"
2020 Maruti SwiftVXI Manual,VXI Manual,"16,286 km1st OwnerPetrol","₹615,399"," ₹15,000 OFF","₹630,399",Zero downpayment,"₹13,689/month"
2017 Maruti BalenoZETA 1.2 K12 Manual,ZETA 1.2 K12 Manual,"48,530 km1st OwnerPetrol","₹533,999"," ₹29,000 OFF","₹562,999",Zero downpayment,"₹11,879/month"
2018 Maruti CiazZETA 1.4 VVT AMT Automatic,ZETA 1.4 VVT AMT Automatic,"31,002 km1st OwnerPetrol","₹808,499"," ₹9,000 OFF","₹817,499",Zero downpayment,"₹17,985/month"
2019 Hyundai Elite i201.2 SPORTS PLUS VTVT Manual,1.2 SPORTS PLUS VTVT Manual,"1,898 km1st OwnerPetrol","₹734,399"," ₹26,000 OFF","₹760,399",Zero downpayment,"₹16,336/month"
2019 MG HECTORSHARP DCT PETROL Automatic,SHARP DCT PETROL Automatic,"2,978 km1st OwnerPetrol","₹1,863,999"," ₹6,000 OFF","₹1,869,999",Zero downpayment,"₹41,464/month"
2017 Hyundai Elite i20SPORTZ 1.2 Manual,SPORTZ 1.2 Manual,"32,251 km1st OwnerPetrol","₹610,899"," ₹11,000 OFF","₹621,899",Zero downpayment,"₹13,589/month"
2018 Honda Amaze1.2 V CVT I VTEC Manual,1.2 V CVT I VTEC Manual,"11,852 km1st OwnerPetrol","₹707,599"," ₹38,000 OFF","₹745,599",Zero downpayment,"₹15,740/month"
,,,,,,,
,,,,,,,
2017 Honda CityZX CVT Automatic,ZX CVT Automatic,"44,106 km1st OwnerPetrol","₹911,099"," ₹5,000 OFF","₹916,099",Zero downpayment,"₹20,267/month"
2018 Ford EcosportTREND + 1.5 TI VCT AT ,TREND + 1.5 TI VCT AT ,"12,488 km1st OwnerPetrol","₹749,699"," ₹12,000 OFF","₹761,699",Zero downpayment,"₹16,677/month"
2017 Toyota CamryHYBRID Manual,HYBRID Manual,"69,593 km1st OwnerPetrol","₹1,877,199"," ₹31,000 OFF","₹1,908,199",Zero downpayment,"₹41,757/month"
2017 Maruti S CrossZETA 1.3 Manual,ZETA 1.3 Manual,"67,396 km1st OwnerDiesel","₹798,899"," ₹42,000 OFF","₹840,899",Zero downpayment,"₹17,771/month"
2017 Hyundai Creta1.6 SX CRDI Manual,1.6 SX CRDI Manual,"118,008 km1st OwnerDiesel","₹856,899"," ₹50,000 OFF","₹906,899",Zero downpayment,"₹19,061/month"
2018 Hyundai Verna1.6 SX VTVT AT (O) Automatic,1.6 SX VTVT AT (O) Automatic,"24,240 km2nd OwnerPetrol","₹1,047,399"," ₹50,000 OFF","₹1,097,399",Zero downpayment,"₹23,299/month"
2018 Hyundai Verna1.6 SX VTVT AT (O) Automatic,1.6 SX VTVT AT (O) Automatic,"16,869 km2nd OwnerPetrol","₹1,053,199"," ₹50,000 OFF","₹1,103,199",Zero downpayment,"₹23,428/month"
2018 Maruti BalenoDELTA 1.2 K12 Manual,DELTA 1.2 K12 Manual,"29,701 km1st OwnerPetrol","₹563,699"," ₹5,000 OFF","₹568,699",Zero downpayment,"₹12,539/month"
2019 Maruti AltoVXI Manual,VXI Manual,"21,494 km2nd OwnerPetrol","₹352,199"," ₹19,000 OFF","₹371,199",Zero downpayment,"₹7,834/month"
2019 MG HECTORSHARP DCT PETROL Automatic,SHARP DCT PETROL Automatic,"22,687 km1st OwnerPetrol","₹1,663,899"," ₹6,000 OFF","₹1,669,899",Zero downpayment,"₹37,013/month"
2017 Hyundai Elite i20ASTA 1.2 (O) Manual,ASTA 1.2 (O) Manual,"11,375 km1st OwnerPetrol","₹637,399"," ₹48,000 OFF","₹685,399",Zero downpayment,"₹14,179/month"
2018 Hyundai Creta1.6 SX AT CRDI Manual,1.6 SX AT CRDI Manual,"42,360 km2nd OwnerDiesel","₹1,307,499"," ₹50,000 OFF","₹1,357,499",Zero downpayment,"₹29,085/month"
2020 KIA SELTOSHTK PLUS AT 1.5 DIESEL Automatic,HTK PLUS AT 1.5 DIESEL Automatic,"20,305 km1st OwnerDiesel","₹1,557,599"," ₹5,000 OFF","₹1,562,599",Zero downpayment,"₹34,648/month"
2018 Maruti DzireVXI Manual,VXI Manual,"15,755 km1st OwnerPetrol","₹662,399"," ₹39,000 OFF","₹701,399",Zero downpayment,"₹14,735/month"
2018 Ford Ecosport1.5 TITANIUM PLUS TI VCT AT Manual,1.5 TITANIUM PLUS TI VCT AT Manual,"12,961 km1st OwnerPetrol","₹827,299"," ₹15,000 OFF","₹842,299",Zero downpayment,"₹18,403/month"
2018 Honda CityV MT PETROL Manual,V MT PETROL Manual,"18,363 km1st OwnerPetrol","₹1,050,299"," ₹50,000 OFF","₹1,100,299",Zero downpayment,"₹23,363/month"
2017 Hyundai EonMAGNA PLUS Manual,MAGNA PLUS Manual,"1,140 km1st OwnerPetrol","₹346,999"," ₹21,000 OFF","₹367,999",Zero downpayment,"₹7,719/month"
2016 Maruti BalenoZETA 1.2 K12 CVT Automatic,ZETA 1.2 K12 CVT Automatic,"42,062 km1st OwnerPetrol","₹631,899"," ₹21,000 OFF","₹652,899",Zero downpayment,"₹14,056/month"
2017 Hyundai Creta1.6 CRDI SX PLUS AUTO Automatic,1.6 CRDI SX PLUS AUTO Automatic,"52,753 km1st OwnerDiesel","₹1,106,599"," ₹50,000 OFF","₹1,156,599",Zero downpayment,"₹24,616/month"
2018 Maruti Vitara BrezzaVDI OPT Manual,VDI OPT Manual,"64,199 km1st OwnerDiesel","₹736,699"," ₹6,000 OFF","₹742,699",Zero downpayment,"₹16,387/month"
,,,,,,,
,,,,,,,
2019 Maruti BalenoDELTA 1.2 K12 Manual,DELTA 1.2 K12 Manual,"15,112 km1st OwnerPetrol","₹647,599"," ₹35,000 OFF","₹682,599",Zero downpayment,"₹14,405/month"
2018 Honda WR-V1.2 i-VTEC VX MT Manual,1.2 i-VTEC VX MT Manual,"17,699 km1st OwnerPetrol","₹776,199"," ₹31,000 OFF","₹807,199",Zero downpayment,"₹17,266/month"
2018 Ford Ecosport1.5TITANIUM TDCI Manual,1.5TITANIUM TDCI Manual,"40,157 km1st OwnerDiesel","₹859,499"," ₹46,000 OFF","₹905,499",Zero downpayment,"₹19,119/month"
2018 Hyundai Verna1.6 SX VTVT AT (O) Automatic,1.6 SX VTVT AT (O) Automatic,"12,584 km1st OwnerPetrol","₹1,123,999"," ₹5,000 OFF","₹1,128,999",Zero downpayment,"₹25,003/month"
2019 Ford Ecosport1.5 TITANIUM TI VCT Manual,1.5 TITANIUM TI VCT Manual,"17,463 km1st OwnerPetrol","₹895,299"," ₹50,000 OFF","₹945,299",Zero downpayment,"₹19,915/month"
2017 Maruti BalenoRS 1.0 PETROL Manual,RS 1.0 PETROL Manual,"12,840 km2nd OwnerPetrol","₹604,399"," ₹44,000 OFF","₹648,399",Zero downpayment,"₹13,445/month"
2017 Maruti CelerioVXI Manual,VXI Manual,"66,663 km1st OwnerPetrol","₹422,899"," ₹25,000 OFF","₹447,899",Zero downpayment,"₹9,407/month"
2019 Maruti IGNISZETA 1.2 K12 AMT Automatic,ZETA 1.2 K12 AMT Automatic,"13,058 km1st OwnerPetrol","₹553,499"," ₹7,000 OFF","₹560,499",Zero downpayment,"₹12,312/month"
2020 Maruti DzireVXI AMT Automatic,VXI AMT Automatic,"3,000 km1st OwnerPetrol","₹758,599"," ₹25,000 OFF","₹783,599",Zero downpayment,"₹16,875/month"
2019 Maruti Vitara BrezzaVDI Manual,VDI Manual,"16,664 km2nd OwnerDiesel","₹913,599"," ₹50,000 OFF","₹963,599",Zero downpayment,"₹20,323/month"
2016 Hyundai Grand i10SPORTS 1.2 VTVT Manual,SPORTS 1.2 VTVT Manual,"32,812 km1st OwnerPetrol","₹433,899"," ₹5,000 OFF","₹438,899",Zero downpayment,"₹9,652/month"
2019 Maruti Vitara BrezzaVDI Manual,VDI Manual,"21,250 km1st OwnerDiesel","₹900,899"," ₹12,000 OFF","₹912,899",Zero downpayment,"₹20,040/month"
2018 Ford Ecosport1.5 TITANIUM PLUS TI VCT AT Manual,1.5 TITANIUM PLUS TI VCT AT Manual,"11,860 km1st OwnerPetrol","₹887,999"," ₹26,000 OFF","₹913,999",Zero downpayment,"₹19,753/month"
2019 Hyundai Grand i10MAGNA 1.2 KAPPA VTVT Manual,MAGNA 1.2 KAPPA VTVT Manual,"4,031 km1st OwnerPetrol","₹526,999"," ₹13,000 OFF","₹539,999",Zero downpayment,"₹11,723/month"
2013 Maruti SwiftVXI Manual,VXI Manual,"36,351 km1st OwnerPetrol","₹397,799"," ₹21,000 OFF","₹418,799",Zero downpayment,"₹8,849/month"
2017 Maruti BalenoALPHA 1.2 K12 Manual,ALPHA 1.2 K12 Manual,"31,950 km1st OwnerPetrol","₹628,799"," ₹42,000 OFF","₹670,799",Zero downpayment,"₹13,987/month"
2020 Maruti Vitara BrezzaZXI Manual,ZXI Manual,"23,940 km1st OwnerPetrol","₹911,499"," ₹5,000 OFF","₹916,499",Zero downpayment,"₹20,276/month"
2018 Maruti Alto K10VXI OPT Manual,VXI OPT Manual,"58,970 km1st OwnerPetrol","₹327,999"," ₹5,000 OFF","₹332,999",Zero downpayment,"₹7,296/month"
2018 Maruti DzireVXI Manual,VXI Manual,"6,778 km1st OwnerPetrol","₹689,599"," ₹9,000 OFF","₹698,599",Zero downpayment,"₹15,340/month"
2018 Maruti Vitara BrezzaZDI Manual,ZDI Manual,"36,894 km1st OwnerDiesel","₹824,199"," ₹38,000 OFF","₹862,199",Zero downpayment,"₹18,334/month"
,,,,,,,
,,,,,,,
2018 Maruti SwiftVDI Manual,VDI Manual,"5,284 km1st OwnerDiesel","₹650,399"," ₹5,000 OFF","₹655,399",Zero downpayment,"₹14,468/month"
2015 Maruti CelerioVXI Manual,VXI Manual,"21,306 km1st OwnerPetrol","₹378,199"," ₹20,000 OFF","₹398,199",Zero downpayment,"₹8,413/month"
2018 Maruti CelerioVXI Manual,VXI Manual,"15,478 km1st OwnerPetrol","₹472,699"," ₹30,000 OFF","₹502,699",Zero downpayment,"₹10,515/month"
2016 Hyundai Grand i10SPORTS 1.2 VTVT Manual,SPORTS 1.2 VTVT Manual,"26,904 km1st OwnerPetrol","₹463,199"," ₹25,000 OFF","₹488,199",Zero downpayment,"₹10,304/month"
2018 Maruti Wagon R 1.0VXI AMT Automatic,VXI AMT Automatic,"35,242 km1st OwnerPetrol","₹450,199"," ₹24,000 OFF","₹474,199",Zero downpayment,"₹10,014/month"
2016 Maruti SwiftZDI Manual,ZDI Manual,"82,420 km1st OwnerDiesel","₹534,399"," ₹29,000 OFF","₹563,399",Zero downpayment,"₹11,887/month"
2018 Hyundai Verna1.6 SX VTVT AT (O) Automatic,1.6 SX VTVT AT (O) Automatic,"60,214 km1st OwnerPetrol","₹1,060,199"," ₹50,000 OFF","₹1,110,199",Zero downpayment,"₹23,584/month"
2019 Maruti Vitara BrezzaVDI Manual,VDI Manual,"27,771 km1st OwnerDiesel","₹945,499"," ₹5,000 OFF","₹950,499",Zero downpayment,"₹21,032/month"
2013 Maruti Swift DzireVDI BS IV Manual,VDI BS IV Manual,"72,893 km1st OwnerDiesel","₹560,099"," ₹34,000 OFF","₹594,099",Zero downpayment,"₹12,459/month"
2017 Maruti BalenoALPHA 1.2 K12 Manual,ALPHA 1.2 K12 Manual,"36,120 km1st OwnerPetrol","₹702,799"," ₹5,000 OFF","₹707,799",Zero downpayment,"₹15,633/month"
2018 Maruti DzireZDI Manual,ZDI Manual,"26,367 km1st OwnerDiesel","₹782,999"," ₹40,000 OFF","₹822,999",Zero downpayment,"₹17,417/month"
2018 Hyundai Grand i10SPORTS 1.2 AT VTVT Automatic,SPORTS 1.2 AT VTVT Automatic,"16,228 km2nd OwnerPetrol","₹550,199"," ₹38,000 OFF","₹588,199",Zero downpayment,"₹12,239/month"
2018 Honda Jazz1.2 V MT Manual,1.2 V MT Manual,"23,178 km1st OwnerPetrol","₹663,499"," ₹24,000 OFF","₹687,499",Zero downpayment,"₹14,759/month"
2018 Maruti CelerioZXI Manual,ZXI Manual,"43,901 km1st OwnerPetrol","₹451,699"," ₹24,000 OFF","₹475,699",Zero downpayment,"₹10,048/month"
2018 Maruti Vitara BrezzaZDI Manual,ZDI Manual,"20,210 km1st OwnerDiesel","₹870,499"," ₹5,000 OFF","₹875,499",Zero downpayment,"₹19,364/month"
2017 Maruti Vitara BrezzaZDI PLUS Manual,ZDI PLUS Manual,"46,603 km1st OwnerDiesel","₹849,099"," ₹45,000 OFF","₹894,099",Zero downpayment,"₹18,888/month"
2018 Maruti Vitara BrezzaZDI Manual,ZDI Manual,"26,395 km1st OwnerDiesel","₹844,799"," ₹50,000 OFF","₹894,799",Zero downpayment,"₹18,792/month"
2014 Maruti Alto 800LXI Manual,LXI Manual,"22,626 km2nd OwnerPetrol","₹248,899"," ₹15,000 OFF","₹263,899",Zero downpayment,"₹5,537/month"
2019 Ford Ecosport1.5 TITANIUM PLUS TI VCT AT ,1.5 TITANIUM PLUS TI VCT AT ,"10,102 km1st OwnerPetrol","₹977,199"," ₹36,000 OFF","₹1,013,199",Zero downpayment,"₹21,737/month"
2019 Maruti BalenoALPHA 1.2 K12 Manual,ALPHA 1.2 K12 Manual,"4,333 km1st OwnerPetrol","₹750,299"," ₹50,000 OFF","₹800,299",Zero downpayment,"₹16,690/month"
,,,,,,,
,,,,,,,
2018 Jeep CompassLIMITED 1.4 AT Automatic,LIMITED 1.4 AT Automatic,"13,908 km1st OwnerPetrol","₹1,716,699"," ₹5,000 OFF","₹1,721,699",Zero downpayment,"₹38,187/month"
2020 MG HECTORSHARP DCT PETROL Automatic,SHARP DCT PETROL Automatic,"8,681 km1st OwnerPetrol","₹1,775,099"," ₹5,000 OFF","₹1,780,099",Zero downpayment,"₹39,486/month"
2018 Maruti Vitara BrezzaZDI PLUS DUAL TONE Manual,ZDI PLUS DUAL TONE Manual,"59,639 km1st OwnerDiesel","₹849,099"," ₹30,000 OFF","₹879,099",Zero downpayment,"₹18,888/month"
2019 Maruti DzireZDI Manual,ZDI Manual,"34,404 km1st OwnerDiesel","₹833,899"," ₹50,000 OFF","₹883,899",Zero downpayment,"₹18,550/month"
2016 Hyundai Grand i101.2 ASTA (O) AT Automatic,1.2 ASTA (O) AT Automatic,"11,819 km2nd OwnerPetrol","₹510,899"," ₹28,000 OFF","₹538,899",Zero downpayment,"₹11,365/month"
2018 Jeep CompassLIMITED O 1.4 AT Automatic,LIMITED O 1.4 AT Automatic,"25,460 km2nd OwnerPetrol","₹1,576,699"," ₹5,000 OFF","₹1,581,699",Zero downpayment,"₹35,073/month"
2021 Maruti S PRESSOVXI PLUS Manual,VXI PLUS Manual,470 km1st OwnerPetrol,"₹469,899"," ₹5,000 OFF","₹474,899",Zero downpayment,"₹10,453/month"
2015 Hyundai Grand i10ASTA AT 1.2 KAPPA VTVT Manual,ASTA AT 1.2 KAPPA VTVT Manual,"10,267 km1st OwnerPetrol","₹474,799"," ₹44,000 OFF","₹518,799",Zero downpayment,"₹10,562/month"
2018 Maruti Alto 800LXI Manual,LXI Manual,"8,465 km1st OwnerPetrol","₹320,799"," ₹17,000 OFF","₹337,799",Zero downpayment,"₹7,136/month"
2018 Maruti Alto 800VXI Manual,VXI Manual,"28,494 km1st OwnerPetrol","₹329,499"," ₹5,000 OFF","₹334,499",Zero downpayment,"₹7,330/month"
2017 Maruti Alto K10VXI (O) AMT Manual,VXI (O) AMT Manual,"13,739 km1st OwnerPetrol","₹362,299"," ₹28,000 OFF","₹390,299",Zero downpayment,"₹8,059/month"
2016 Mahindra Kuv100K6+ 5 STR Manual,K6+ 5 STR Manual,"44,486 km1st OwnerPetrol","₹390,899"," ₹21,000 OFF","₹411,899",Zero downpayment,"₹8,695/month"
2015 Maruti ErtigaZDI Manual,ZDI Manual,"49,628 km1st OwnerDiesel","₹661,199"," ₹35,000 OFF","₹696,199",Zero downpayment,"₹14,708/month"
2016 Volkswagen AmeoHIGHLINE 1.2 Manual,HIGHLINE 1.2 Manual,"31,192 km2nd OwnerPetrol","₹526,499"," ₹28,000 OFF","₹554,499",Zero downpayment,"₹11,712/month"
2014 Maruti CelerioZXI OPT Manual,ZXI OPT Manual,"24,317 km1st OwnerPetrol","₹383,299"," ₹21,000 OFF","₹404,299",Zero downpayment,"₹8,526/month"
2013 Maruti Swift DzireVXI 1.2 BS IV Manual,VXI 1.2 BS IV Manual,"42,182 km1st OwnerPetrol","₹455,099"," ₹31,000 OFF","₹486,099",Zero downpayment,"₹10,123/month"
2017 Hyundai Elite i20Magna Executive 1.2 Manual,Magna Executive 1.2 Manual,"40,991 km1st OwnerPetrol","₹525,999"," ₹17,000 OFF","₹542,999",Zero downpayment,"₹11,701/month"
2016 Hyundai Elite i20ASTA 1.2 Manual,ASTA 1.2 Manual,"45,362 km1st OwnerPetrol","₹522,599"," ₹5,000 OFF","₹527,599",Zero downpayment,"₹11,625/month"
2017 Maruti S CrossDELTA 1.3 Manual,DELTA 1.3 Manual,"43,867 km1st OwnerDiesel","₹738,799"," ₹5,000 OFF","₹743,799",Zero downpayment,"₹16,434/month"
2017 Maruti IGNISDELTA 1.2 K12 Manual,DELTA 1.2 K12 Manual,"12,099 km1st OwnerPetrol","₹476,599"," ₹5,000 OFF","₹481,599",Zero downpayment,"₹10,602/month"
,,,,,,,
,,,,,,,
2017 Honda WR-V1.2 i-VTEC VX MT Manual,1.2 i-VTEC VX MT Manual,"100,164 km1st OwnerPetrol","₹692,499"," ₹5,000 OFF","₹697,499",Zero downpayment,"₹15,404/month"
2015 Maruti Alto 800LXI Manual,LXI Manual,"6,248 km1st OwnerPetrol","₹291,999"," ₹18,000 OFF","₹309,999",Zero downpayment,"₹6,495/month"
2018 Hyundai Verna1.6 CRDI SX + AT Automatic,1.6 CRDI SX + AT Automatic,"12,729 km1st OwnerDiesel","₹1,075,099"," ₹47,000 OFF","₹1,122,099",Zero downpayment,"₹23,915/month"
2017 Maruti Alto K10VXI OPT Manual,VXI OPT Manual,"55,116 km1st OwnerPetrol","₹321,699"," ₹5,000 OFF","₹326,699",Zero downpayment,"₹7,156/month"
2017 Ford Ecosport1.5TITANIUM TDCI Manual,1.5TITANIUM TDCI Manual,"66,188 km1st OwnerDiesel","₹646,099"," ₹22,000 OFF","₹668,099",Zero downpayment,"₹14,372/month"
2016 Volkswagen PoloGT TSI 1.2 PETROL AT Automatic,GT TSI 1.2 PETROL AT Automatic,"48,730 km2nd OwnerPetrol","₹602,099"," ₹27,000 OFF","₹629,099",Zero downpayment,"₹13,393/month"
2014 Hyundai i10SPORTZ 1.1 IRDE2 Manual,SPORTZ 1.1 IRDE2 Manual,"63,456 km1st OwnerPetrol","₹338,499"," ₹20,000 OFF","₹358,499",Zero downpayment,"₹7,530/month"
2017 Hyundai i20 Active1.2 SX Manual,1.2 SX Manual,"12,910 km1st OwnerPetrol","₹620,799"," ₹31,000 OFF","₹651,799",Zero downpayment,"₹13,809/month"
2016 Hyundai Grand i10SPORTS 1.2 VTVT Manual,SPORTS 1.2 VTVT Manual,"15,650 km1st OwnerPetrol","₹478,599"," ₹26,000 OFF","₹504,599",Zero downpayment,"₹10,646/month"
2020 Hyundai VENUE1.0 TURBO GDI SX+ AT Automatic,1.0 TURBO GDI SX+ AT Automatic,"21,526 km1st OwnerPetrol","₹1,160,199"," ₹11,000 OFF","₹1,171,199",Zero downpayment,"₹25,808/month"
2018 Mahindra TUV300T 10 MT Dual Tone Manual,T 10 MT Dual Tone Manual,"29,735 km2nd OwnerDiesel","₹777,599"," ₹17,000 OFF","₹794,599",Zero downpayment,"₹17,297/month"
2017 Maruti Vitara BrezzaZDI Manual,ZDI Manual,"47,948 km1st OwnerDiesel","₹714,899"," ₹38,000 OFF","₹752,899",Zero downpayment,"₹15,903/month"
2014 Hyundai Grand i10MAGNA 1.2 KAPPA VTVT Manual,MAGNA 1.2 KAPPA VTVT Manual,"19,399 km1st OwnerPetrol","₹387,099"," ₹44,000 OFF","₹431,099",Zero downpayment,"₹8,611/month"
2020 Mahindra BoleroB6 (O) Manual,B6 (O) Manual,"15,137 km1st OwnerDiesel","₹885,188",,,Zero downpayment,"₹19,691/month"
2015 Maruti CelerioVXI AMT Automatic,VXI AMT Automatic,"53,739 km1st OwnerPetrol","₹334,999"," ₹42,000 OFF","₹376,999",Zero downpayment,"₹7,452/month"
2016 Hyundai i20 Active1.2 SX Manual,1.2 SX Manual,"18,494 km1st OwnerPetrol","₹604,199"," ₹32,000 OFF","₹636,199",Zero downpayment,"₹13,440/month"
2017 Maruti DzireVXI AMT Automatic,VXI AMT Automatic,"19,822 km1st OwnerPetrol","₹628,699"," ₹31,000 OFF","₹659,699",Zero downpayment,"₹13,985/month"
2017 Maruti DzireVDI Manual,VDI Manual,"15,738 km1st OwnerDiesel","₹671,699"," ₹47,000 OFF","₹718,699",Zero downpayment,"₹14,942/month"
2014 Hyundai XcentS 1.2 OPT Manual,S 1.2 OPT Manual,"41,980 km1st OwnerPetrol","₹420,699"," ₹50,000 OFF","₹470,699",Zero downpayment,"₹9,358/month"
2017 Maruti SwiftVXI OPT Manual,VXI OPT Manual,"16,759 km1st OwnerPetrol","₹520,599"," ₹30,000 OFF","₹550,599",Zero downpayment,"₹11,580/month"
,,,,,,,
,,,,,,,
2016 Hyundai VernaFLUIDIC 1.6 VTVT S Manual,FLUIDIC 1.6 VTVT S Manual,"6,319 km3rd OwnerPetrol","₹520,599"," ₹28,000 OFF","₹548,599",Zero downpayment,"₹11,580/month"
2018 Maruti SwiftZXI AMT Automatic,ZXI AMT Automatic,"23,649 km1st OwnerPetrol","₹618,799"," ₹44,000 OFF","₹662,799",Zero downpayment,"₹13,765/month"
2018 Maruti CiazALPHA 1.4 VVT AMT Automatic,ALPHA 1.4 VVT AMT Automatic,"15,112 km1st OwnerPetrol","₹780,599"," ₹31,000 OFF","₹811,599",Zero downpayment,"₹17,364/month"
2019 Maruti SwiftZXI Manual,ZXI Manual,"11,270 km1st OwnerPetrol","₹628,199"," ₹25,000 OFF","₹653,199",Zero downpayment,"₹13,974/month"
2017 Maruti Vitara BrezzaZDI Manual,ZDI Manual,"74,197 km1st OwnerDiesel","₹652,299"," ₹50,000 OFF","₹702,299",Zero downpayment,"₹14,510/month"
2018 Maruti CiazALPHA 1.3 DDIS SHVS Manual,ALPHA 1.3 DDIS SHVS Manual,"15,511 km1st OwnerDiesel","₹898,799"," ₹50,000 OFF","₹948,799",Zero downpayment,"₹19,993/month"
2017 Maruti Vitara BrezzaVDI OPT Manual,VDI OPT Manual,"46,304 km1st OwnerDiesel","₹670,499"," ₹43,000 OFF","₹713,499",Zero downpayment,"₹14,915/month"
2015 Hyundai Elite i20MAGNA 1.4 CRDI Manual,MAGNA 1.4 CRDI Manual,"104,937 km1st OwnerDiesel","₹471,499"," ₹11,000 OFF","₹482,499",Zero downpayment,"₹10,488/month"
2015 Honda CitySV CVT PETROL Automatic,SV CVT PETROL Automatic,"38,714 km2nd OwnerPetrol","₹552,299"," ₹30,000 OFF","₹582,299",Zero downpayment,"₹12,286/month"
2020 Maruti Vitara BrezzaZXI + Manual,ZXI + Manual,"18,943 km1st OwnerPetrol","₹917,499"," ₹5,000 OFF","₹922,499",Zero downpayment,"₹20,409/month"
2020 Hyundai VENUESX 1.0 GDI IMT Manual,SX 1.0 GDI IMT Manual,"4,489 km1st OwnerPetrol","₹952,499"," ₹5,000 OFF","₹957,499",Zero downpayment,"₹21,188/month"
2016 Hyundai Creta1.6 SX PLUS VTVT Manual,1.6 SX PLUS VTVT Manual,"36,863 km1st OwnerPetrol","₹876,399"," ₹47,000 OFF","₹923,399",Zero downpayment,"₹19,495/month"
2019 Maruti New  Wagon-RZXI 1.2 ,ZXI 1.2 ,"26,538 km1st OwnerPetrol","₹523,899"," ₹35,000 OFF","₹558,899",Zero downpayment,"₹11,654/month"
2019 Ford Figo Aspire1.2 TITANIUM PETROL Manual,1.2 TITANIUM PETROL Manual,"14,526 km1st OwnerPetrol","₹569,999"," ₹46,000 OFF","₹615,999",Zero downpayment,"₹12,679/month"
2013 Hyundai i20MAGNA 1.4 CRDI Manual,MAGNA 1.4 CRDI Manual,"72,869 km1st OwnerDiesel","₹394,499"," ₹21,000 OFF","₹415,499",Zero downpayment,"₹8,775/month"
2013 Honda Brio1.2 VX AT I VTEC Automatic,1.2 VX AT I VTEC Automatic,"56,857 km1st OwnerPetrol","₹342,199"," ₹37,000 OFF","₹379,199",Zero downpayment,"₹7,612/month"
2014 Maruti Wagon R StingrayVXI Manual,VXI Manual,"59,494 km1st OwnerPetrol + CNG","₹324,999"," ₹5,000 OFF","₹329,999",Zero downpayment,"₹7,229/month"
2019 Hyundai Creta1.6 SX AT CRDI Manual,1.6 SX AT CRDI Manual,"12,012 km1st OwnerDiesel","₹1,503,699"," ₹5,000 OFF","₹1,508,699",Zero downpayment,"₹33,449/month"
2015 Maruti Swift DzireVXI 1.2 BS IV Manual,VXI 1.2 BS IV Manual,"95,918 km1st OwnerPetrol","₹422,999"," ₹31,000 OFF","₹453,999",Zero downpayment,"₹9,409/month"
2017 Volkswagen PoloGT TSI 1.2 PETROL AT Automatic,GT TSI 1.2 PETROL AT Automatic,"12,773 km1st OwnerPetrol","₹747,099"," ₹40,000 OFF","₹787,099",Zero downpayment,"₹16,619/month"
,,,,,,,
,,,,,,,
2016 Maruti Wagon R 1.0VXI Manual,VXI Manual,"42,670 km1st OwnerPetrol","₹357,699"," ₹19,000 OFF","₹376,699",Zero downpayment,"₹7,957/month"
2016 Maruti Swift DzireVDI BS IV Manual,VDI BS IV Manual,"64,120 km1st OwnerDiesel","₹580,099"," ₹31,000 OFF","₹611,099",Zero downpayment,"₹12,904/month"
2018 Maruti SwiftVXI Manual,VXI Manual,"8,339 km1st OwnerPetrol","₹586,999"," ₹21,000 OFF","₹607,999",Zero downpayment,"₹13,057/month"
2018 Honda Amaze1.2 VXMT I VTEC Manual,1.2 VXMT I VTEC Manual,"14,604 km1st OwnerPetrol","₹640,799"," ₹33,000 OFF","₹673,799",Zero downpayment,"₹14,254/month"
2016 Mahindra XUV500W10 AT FWD Automatic,W10 AT FWD Automatic,"62,511 km2nd OwnerDiesel","₹1,122,799"," ₹50,000 OFF","₹1,172,799",Zero downpayment,"₹24,976/month"
2020 Maruti DzireVXI AMT Automatic,VXI AMT Automatic,"15,315 km1st OwnerPetrol","₹730,899"," ₹32,000 OFF","₹762,899",Zero downpayment,"₹16,258/month"
2012 Maruti Swift DzireVXI 1.2 BS IV Manual,VXI 1.2 BS IV Manual,"49,478 km1st OwnerPetrol","₹364,099"," ₹29,000 OFF","₹393,099",Zero downpayment,"₹8,099/month"
2019 Renault KwidRXT 1.0 EASY-R AT OPTION Automatic,RXT 1.0 EASY-R AT OPTION Automatic,"7,547 km1st OwnerPetrol","₹483,599"," ₹5,000 OFF","₹488,599",Zero downpayment,"₹10,757/month"
2020 MG HECTORSHARP DCT PETROL ,SHARP DCT PETROL ,"8,149 km1st OwnerPetrol","₹1,699,799"," ₹22,000 OFF","₹1,721,799",Zero downpayment,"₹37,811/month"
2014 Maruti Swift DzireVXI 1.2 BS IV Manual,VXI 1.2 BS IV Manual,"30,601 km2nd OwnerPetrol","₹449,699"," ₹29,000 OFF","₹478,699",Zero downpayment,"₹10,003/month"
2017 Hyundai Grand i10Sportz(O) 1.2 MT Manual,Sportz(O) 1.2 MT Manual,"8,592 km1st OwnerPetrol","₹504,199"," ₹14,000 OFF","₹518,199",Zero downpayment,"₹11,216/month"
2018 Maruti Vitara BrezzaZDI + AMT Automatic,ZDI + AMT Automatic,"35,944 km1st OwnerDiesel","₹946,499"," ₹19,000 OFF","₹965,499",Zero downpayment,"₹21,054/month"
2016 Maruti Alto 800VXI Manual,VXI Manual,"16,709 km2nd OwnerPetrol","₹266,799"," ₹10,000 OFF","₹276,799",Zero downpayment,"₹5,935/month"
2017 Maruti Alto 800VXI Manual,VXI Manual,"16,069 km1st OwnerPetrol","₹307,599"," ₹32,000 OFF","₹339,599",Zero downpayment,"₹6,842/month"
2014 Ford Figo1.4 TITANIUM DURATORQ Manual,1.4 TITANIUM DURATORQ Manual,"43,237 km1st OwnerDiesel","₹303,999"," ₹16,000 OFF","₹319,999",Zero downpayment,"₹6,762/month"
2018 Tata HexaVaricor 320 XE Manual,Varicor 320 XE Manual,"29,404 km1st OwnerDiesel","₹1,122,599"," ₹50,000 OFF","₹1,172,599",Zero downpayment,"₹24,972/month"
2019 Hyundai Creta1.6 SX (O) VTVT ,1.6 SX (O) VTVT ,"10,563 km1st OwnerPetrol","₹1,247,299"," ₹6,000 OFF","₹1,253,299",Zero downpayment,"₹27,745/month"
2020 Maruti New  Wagon-RZXI 1.2L AGS Automatic,ZXI 1.2L AGS Automatic,996 km1st OwnerPetrol,"₹617,599"," ₹5,000 OFF","₹622,599",Zero downpayment,"₹13,738/month"
2020 Maruti ErtigaVXI CNG Manual,VXI CNG Manual,"32,402 km1st OwnerPetrol + CNG","₹1,030,799"," ₹13,000 OFF","₹1,043,799",Zero downpayment,"₹22,930/month"
2012 Hyundai i20SPORTZ 1.2 VTVT Manual,SPORTZ 1.2 VTVT Manual,"23,044 km1st OwnerPetrol","₹332,299"," ₹5,000 OFF","₹337,299",Zero downpayment,"₹7,392/month"
,,,,,,,
,,,,,,,
2014 Honda Amaze1.5 EMT I DTEC Manual,1.5 EMT I DTEC Manual,"57,348 km1st OwnerDiesel","₹396,899"," ₹21,000 OFF","₹417,899",Zero downpayment,"₹8,829/month"
2018 Ford Ecosport1.5 TITANIUM TI VCT Manual,1.5 TITANIUM TI VCT Manual,"8,925 km1st OwnerPetrol","₹739,699"," ₹50,000 OFF","₹789,699",Zero downpayment,"₹16,454/month"
2019 Hyundai GRAND I10 NIOSSPORTZ 1.2 AT Automatic,SPORTZ 1.2 AT Automatic,"13,922 km1st OwnerPetrol","₹650,999"," ₹11,000 OFF","₹661,999",Zero downpayment,"₹14,481/month"
2019 Maruti ErtigaVDI Manual,VDI Manual,"31,584 km1st OwnerDiesel","₹857,499"," ₹6,000 OFF","₹863,499",Zero downpayment,"₹19,075/month"
2019 Renault KwidRXL Manual,RXL Manual,"10,737 km1st OwnerPetrol","₹390,599"," ₹15,000 OFF","₹405,599",Zero downpayment,"₹8,689/month"
2016 Ford Ecosport1.5TITANIUM TDCI Manual,1.5TITANIUM TDCI Manual,"86,474 km1st OwnerDiesel","₹594,399"," ₹27,000 OFF","₹621,399",Zero downpayment,"₹13,222/month"
2019 Ford Ecosport1.5 TITANIUM THUNDER EDITION TI TDCI Manual,1.5 TITANIUM THUNDER EDITION TI TDCI Manual,"17,152 km1st OwnerDiesel","₹926,299"," ₹5,000 OFF","₹931,299",Zero downpayment,"₹20,605/month"
2017 Maruti BalenoDELTA 1.2 K12 Manual,DELTA 1.2 K12 Manual,"60,665 km2nd OwnerPetrol + CNG","₹532,299"," ₹26,000 OFF","₹558,299",Zero downpayment,"₹11,841/month"
2016 Maruti Swift DzireVXI 1.2 BS IV Manual,VXI 1.2 BS IV Manual,"85,566 km1st OwnerPetrol","₹530,899"," ₹28,000 OFF","₹558,899",Zero downpayment,"₹11,810/month"
2015 Maruti SwiftVXI Manual,VXI Manual,"62,081 km1st OwnerPetrol","₹441,199"," ₹25,000 OFF","₹466,199",Zero downpayment,"₹9,814/month"
2016 Hyundai Elite i20MAGNA 1.2 Manual,MAGNA 1.2 Manual,"22,594 km1st OwnerPetrol","₹510,299"," ₹30,000 OFF","₹540,299",Zero downpayment,"₹11,351/month"
2016 Hyundai Creta1.6 SX PLUS AUTO PETROL Automatic,1.6 SX PLUS AUTO PETROL Automatic,"44,704 km1st OwnerPetrol","₹1,010,299"," ₹50,000 OFF","₹1,060,299",Zero downpayment,"₹22,474/month"
2016 Hyundai Elite i20SPORTZ 1.2 Manual,SPORTZ 1.2 Manual,"56,445 km2nd OwnerPetrol","₹493,899"," ₹23,000 OFF","₹516,899",Zero downpayment,"₹10,987/month"
2017 Maruti IGNISDELTA 1.2 K12 Manual,DELTA 1.2 K12 Manual,"24,753 km1st OwnerPetrol","₹504,599"," ₹23,000 OFF","₹527,599",Zero downpayment,"₹11,225/month"
2017 Maruti Vitara BrezzaLDI OPT Manual,LDI OPT Manual,"70,598 km1st OwnerDiesel","₹639,599"," ₹34,000 OFF","₹673,599",Zero downpayment,"₹14,228/month"
2015 Hyundai VernaFLUIDIC 1.6 VTVT S (O)  MT Manual,FLUIDIC 1.6 VTVT S (O)  MT Manual,"25,274 km1st OwnerPetrol","₹504,299"," ₹27,000 OFF","₹531,299",Zero downpayment,"₹11,218/month"
2016 Hyundai i20 Active1.2 S Manual,1.2 S Manual,"20,933 km1st OwnerPetrol","₹570,599"," ₹14,000 OFF","₹584,599",Zero downpayment,"₹12,693/month"
2020 KIA SELTOSHTK 1.5 PETROL Manual,HTK 1.5 PETROL Manual,"22,656 km1st OwnerPetrol","₹1,195,699"," ₹32,000 OFF","₹1,227,699",Zero downpayment,"₹26,598/month"
2014 Maruti CiazZXI Manual,ZXI Manual,"93,091 km1st OwnerPetrol","₹515,499"," ₹29,000 OFF","₹544,499",Zero downpayment,"₹11,467/month"
2018 Maruti S CrossSIGMA SHVS Manual,SIGMA SHVS Manual,"37,002 km1st OwnerDiesel","₹780,199"," ₹39,000 OFF","₹819,199",Zero downpayment,"₹17,355/month"
,,,,,,,
,,,,,,,
2017 Tata HexaVaricor 400 XT Manual,Varicor 400 XT Manual,"99,380 km1st OwnerDiesel","₹898,299"," ₹21,000 OFF","₹919,299",Zero downpayment,"₹19,982/month"
2015 Maruti CiazVDI Manual,VDI Manual,"161,918 km1st OwnerDiesel","₹528,299"," ₹28,000 OFF","₹556,299",Zero downpayment,"₹11,752/month"
2017 Maruti DzireVXI AMT Automatic,VXI AMT Automatic,"67,513 km1st OwnerPetrol","₹620,599"," ₹49,000 OFF","₹669,599",Zero downpayment,"₹13,805/month"
2019 Hyundai VENUE1.0L Turbo GDI SX(O) MT Manual,1.0L Turbo GDI SX(O) MT Manual,"8,924 km1st OwnerPetrol","₹998,999"," ₹40,000 OFF","₹1,038,999",Zero downpayment,"₹22,222/month"
2017 Hyundai New Elantra1.6 SX AT O Automatic,1.6 SX AT O Automatic,"69,070 km1st OwnerDiesel","₹1,168,099"," ₹5,000 OFF","₹1,173,099",Zero downpayment,"₹25,984/month"
2019 Hyundai Elite i201.2 SPORTS PLUS VTVT Manual,1.2 SPORTS PLUS VTVT Manual,"13,240 km1st OwnerPetrol","₹734,099"," ₹17,000 OFF","₹751,099",Zero downpayment,"₹16,330/month"
2018 Tata NEXONXZA + 1.2 PETROL A/T Automatic,XZA + 1.2 PETROL A/T Automatic,"18,534 km1st OwnerPetrol","₹859,199"," ₹5,000 OFF","₹864,199",Zero downpayment,"₹19,112/month"
2019 KIA SELTOSHTK 1.5 PETROL Manual,HTK 1.5 PETROL Manual,"12,872 km1st OwnerPetrol","₹1,203,199"," ₹6,000 OFF","₹1,209,199",Zero downpayment,"₹26,764/month"
2017 Hyundai Verna1.6 SX (O) CRDI MT Manual,1.6 SX (O) CRDI MT Manual,"45,244 km1st OwnerDiesel","₹1,034,299"," ₹13,000 OFF","₹1,047,299",Zero downpayment,"₹23,007/month"
2015 Toyota Innova2.5 VX 7 STR BS IV Manual,2.5 VX 7 STR BS IV Manual,"89,358 km3rd OwnerDiesel","₹905,099"," ₹21,000 OFF","₹926,099",Zero downpayment,"₹20,133/month"
2018 Maruti BalenoDELTA 1.2 K12 Manual,DELTA 1.2 K12 Manual,"25,115 km1st OwnerPetrol","₹600,599"," ₹5,000 OFF","₹605,599",Zero downpayment,"₹13,360/month"
2016 Hyundai Elite i20ASTA 1.2 (O) Manual,ASTA 1.2 (O) Manual,"44,528 km3rd OwnerPetrol","₹540,799"," ₹15,000 OFF","₹555,799",Zero downpayment,"₹12,030/month"
2019 KIA SELTOSGTX 1.4 GDI AT PETROL Automatic,GTX 1.4 GDI AT PETROL Automatic,"20,989 km1st OwnerPetrol","₹1,554,799"," ₹28,000 OFF","₹1,582,799",Zero downpayment,"₹34,586/month"
2018 Ford EcosportTREND + 1.5 TI VCT AT Manual,TREND + 1.5 TI VCT AT Manual,"20,282 km2nd OwnerPetrol","₹720,999"," ₹31,000 OFF","₹751,999",Zero downpayment,"₹16,038/month"
2017 Maruti IGNISDELTA 1.2 K12 Manual,DELTA 1.2 K12 Manual,"41,139 km1st OwnerPetrol","₹493,599"," ₹23,000 OFF","₹516,599",Zero downpayment,"₹10,980/month"
2018 Nissan MicraXL CVT (PETROL) Automatic,XL CVT (PETROL) Automatic,"14,360 km1st OwnerPetrol","₹622,099"," ₹38,000 OFF","₹660,099",Zero downpayment,"₹13,838/month"
2018 Maruti BalenoZETA 1.2 K12 Manual,ZETA 1.2 K12 Manual,"23,172 km1st OwnerPetrol","₹637,699"," ₹14,000 OFF","₹651,699",Zero downpayment,"₹14,185/month"
2016 Hyundai Elite i20SPORTZ 1.2 Manual,SPORTZ 1.2 Manual,"84,580 km1st OwnerPetrol","₹559,999"," ₹19,000 OFF","₹578,999",Zero downpayment,"₹12,457/month"
2017 Hyundai Elite i20ASTA 1.2 Manual,ASTA 1.2 Manual,"25,111 km1st OwnerPetrol","₹609,299"," ₹12,000 OFF","₹621,299",Zero downpayment,"₹13,554/month"
2012 Hyundai i20MAGNA O 1.2 Manual,MAGNA O 1.2 Manual,"31,372 km1st OwnerPetrol","₹397,199"," ₹21,000 OFF","₹418,199",Zero downpayment,"₹8,835/month"
,,,,,,,
,,,,,,,
2018 Hyundai Elite i20ASTA 1.2 AT ,ASTA 1.2 AT ,"10,222 km1st OwnerPetrol","₹771,699"," ₹5,000 OFF","₹776,699",Zero downpayment,"₹17,166/month"
2017 Maruti BalenoDELTA 1.2 K12 Manual,DELTA 1.2 K12 Manual,"19,149 km1st OwnerPetrol","₹595,799"," ₹5,000 OFF","₹600,799",Zero downpayment,"₹13,253/month"
2019 Honda CityVX CVT PETROL Automatic,VX CVT PETROL Automatic,"1,810 km1st OwnerPetrol","₹1,110,499"," ₹5,000 OFF","₹1,115,499",Zero downpayment,"₹24,702/month"
2016 Maruti BalenoDELTA 1.2 K12 Manual,DELTA 1.2 K12 Manual,"58,063 km2nd OwnerPetrol","₹548,399"," ₹5,000 OFF","₹553,399",Zero downpayment,"₹12,199/month"
2014 Honda Amaze1.5 SX MT I DTEC Manual,1.5 SX MT I DTEC Manual,"54,831 km1st OwnerDiesel","₹369,499"," ₹34,000 OFF","₹403,499",Zero downpayment,"₹8,219/month"
2017 Maruti ErtigaVDI SHVS Manual,VDI SHVS Manual,"79,817 km1st OwnerDiesel","₹788,499"," ₹49,000 OFF","₹837,499",Zero downpayment,"₹17,540/month"
2018 Maruti SwiftVXI Manual,VXI Manual,"108,532 km1st OwnerPetrol","₹537,299"," ₹29,000 OFF","₹566,299",Zero downpayment,"₹11,952/month"
2017 Maruti BalenoDELTA 1.2 K12 Manual,DELTA 1.2 K12 Manual,"18,994 km1st OwnerPetrol","₹609,199"," ₹45,000 OFF","₹654,199",Zero downpayment,"₹13,551/month"
2019 Maruti BalenoZETA 1.2 K12 Manual,ZETA 1.2 K12 Manual,"10,357 km1st OwnerPetrol","₹698,299"," ₹23,000 OFF","₹721,299",Zero downpayment,"₹15,533/month"
2018 Ford Ecosport1.0 ECOBOOST TITANIUM SPORTS(SUNROOF) Manual,1.0 ECOBOOST TITANIUM SPORTS(SUNROOF) Manual,"17,005 km2nd OwnerPetrol","₹915,199"," ₹5,000 OFF","₹920,199",Zero downpayment,"₹20,358/month"
2017 Maruti Vitara BrezzaVDI Manual,VDI Manual,"24,367 km1st OwnerDiesel","₹714,899"," ₹50,000 OFF","₹764,899",Zero downpayment,"₹15,903/month"
2012 Hyundai i20MAGNA O 1.2 Manual,MAGNA O 1.2 Manual,"94,468 km3rd OwnerPetrol","₹370,399"," ₹22,000 OFF","₹392,399",Zero downpayment,"₹8,239/month"
2016 Maruti CelerioZXI OPT AMT Automatic,ZXI OPT AMT Automatic,"95,276 km2nd OwnerPetrol","₹391,799"," ₹10,000 OFF","₹401,799",Zero downpayment,"₹8,715/month"
2017 Maruti ErtigaZDI PLUS SHVS Manual,ZDI PLUS SHVS Manual,"62,533 km1st OwnerDiesel","₹822,399"," ₹50,000 OFF","₹872,399",Zero downpayment,"₹18,294/month"
2018 Maruti Wagon R 1.0VXI AMT Automatic,VXI AMT Automatic,"28,071 km1st OwnerPetrol","₹427,999"," ₹23,000 OFF","₹450,999",Zero downpayment,"₹9,521/month"
2019 Maruti Vitara BrezzaVDI AMT Manual,VDI AMT Manual,"67,109 km1st OwnerDiesel","₹775,099"," ₹18,000 OFF","₹793,099",Zero downpayment,"₹17,242/month"
2018 Hyundai Elite i20ASTA 1.2 AT ,ASTA 1.2 AT ,"4,649 km1st OwnerPetrol","₹704,199"," ₹5,000 OFF","₹709,199",Zero downpayment,"₹15,665/month"
2019 Maruti CelerioZXI Manual,ZXI Manual,"6,559 km1st OwnerPetrol","₹521,799"," ₹6,000 OFF","₹527,799",Zero downpayment,"₹11,607/month"
2016 Honda Brio1.2 S MT I VTEC Manual,1.2 S MT I VTEC Manual,"15,805 km1st OwnerPetrol","₹400,799"," ₹20,000 OFF","₹420,799",Zero downpayment,"₹8,916/month"
2017 Maruti S CrossZETA SHVS Manual,ZETA SHVS Manual,"80,900 km1st OwnerDiesel","₹854,099"," ₹5,000 OFF","₹859,099",Zero downpayment,"₹18,999/month"
,,,,,,,
,,,,,,,
2017 Maruti BalenoDELTA 1.2 K12 Manual,DELTA 1.2 K12 Manual,"21,954 km1st OwnerPetrol","₹555,599"," ₹5,000 OFF","₹560,599",Zero downpayment,"₹12,359/month"
2020 KIA SELTOSGTX + AT PETROL ,GTX + AT PETROL ,"2,787 km1st OwnerPetrol","₹1,969,399"," ₹45,000 OFF","₹2,014,399",Zero downpayment,"₹43,808/month"
2013 Maruti Swift DzireVDI BS IV Manual,VDI BS IV Manual,"74,296 km1st OwnerDiesel","₹528,199"," ₹50,000 OFF","₹578,199",Zero downpayment,"₹11,749/month"
2016 Hyundai Grand i10ASTA 1.2 (O) VTVT Manual,ASTA 1.2 (O) VTVT Manual,"46,758 km1st OwnerPetrol","₹463,799"," ₹5,000 OFF","₹468,799",Zero downpayment,"₹10,317/month"
2019 Hyundai Grand i10MAGNA 1.2 KAPPA VTVT Manual,MAGNA 1.2 KAPPA VTVT Manual,"7,469 km1st OwnerPetrol","₹540,199"," ₹29,000 OFF","₹569,199",Zero downpayment,"₹12,016/month"
2015 Maruti CelerioVXI Manual,VXI Manual,"22,159 km1st OwnerPetrol","₹362,299"," ₹5,000 OFF","₹367,299",Zero downpayment,"₹8,059/month"
2018 Maruti IGNISZETA 1.2 K12 AMT Automatic,ZETA 1.2 K12 AMT Automatic,"11,321 km1st OwnerPetrol","₹569,499"," ₹29,000 OFF","₹598,499",Zero downpayment,"₹12,668/month"
2018 Ford Ecosport1.5TITANIUM TDCI Manual,1.5TITANIUM TDCI Manual,"14,643 km1st OwnerDiesel","₹915,399"," ₹28,000 OFF","₹943,399",Zero downpayment,"₹20,363/month"
2017 Hyundai Grand i10magna 1.2 crdi Manual,magna 1.2 crdi Manual,"32,683 km1st OwnerDiesel","₹489,199"," ₹33,000 OFF","₹522,199",Zero downpayment,"₹10,882/month"
2015 Maruti Alto K10VXI Manual,VXI Manual,"64,611 km1st OwnerPetrol","₹313,999"," ₹6,000 OFF","₹319,999",Zero downpayment,"₹6,985/month"
2017 Hyundai Grand i10MAGNA 1.2 KAPPA VTVT Manual,MAGNA 1.2 KAPPA VTVT Manual,"20,910 km1st OwnerPetrol","₹499,799"," ₹12,000 OFF","₹511,799",Zero downpayment,"₹11,118/month"
2018 Hyundai Verna1.6 SX VTVT AT (O) Automatic,1.6 SX VTVT AT (O) Automatic,"36,856 km1st OwnerPetrol","₹1,124,899"," ₹17,000 OFF","₹1,141,899",Zero downpayment,"₹25,023/month"
2019 Maruti BalenoZETA 1.2 K12 Manual,ZETA 1.2 K12 Manual,"10,458 km1st OwnerPetrol","₹695,599"," ₹11,000 OFF","₹706,599",Zero downpayment,"₹15,473/month"
2019 Renault KwidRXT 1.0 EASY-R AT OPTION Automatic,RXT 1.0 EASY-R AT OPTION Automatic,"17,595 km1st OwnerPetrol","₹426,299"," ₹23,000 OFF","₹449,299",Zero downpayment,"₹9,483/month"
2017 Tata NanoTWIST XTA Automatic,TWIST XTA Automatic,"41,959 km1st OwnerPetrol","₹225,799"," ₹12,000 OFF","₹237,799",Zero downpayment,"₹5,023/month"
2016 Hyundai Grand i10SPORTS 1.2 VTVT Manual,SPORTS 1.2 VTVT Manual,"30,912 km1st OwnerPetrol","₹448,999"," ₹5,000 OFF","₹453,999",Zero downpayment,"₹9,988/month"
2017 Maruti Vitara BrezzaVDI OPT Manual,VDI OPT Manual,"98,197 km1st OwnerDiesel","₹754,699"," ₹40,000 OFF","₹794,699",Zero downpayment,"₹16,788/month"
2018 Maruti Vitara BrezzaZDI AMT Automatic,ZDI AMT Automatic,"35,579 km1st OwnerDiesel","₹943,499"," ₹25,000 OFF","₹968,499",Zero downpayment,"₹20,988/month"
2016 Hyundai Grand i10ASTA 1.2 (O) VTVT Manual,ASTA 1.2 (O) VTVT Manual,"36,247 km2nd OwnerPetrol","₹485,199"," ₹20,000 OFF","₹505,199",Zero downpayment,"₹10,793/month"
2015 Hyundai Grand i10MAGNA 1.2 KAPPA VTVT Manual,MAGNA 1.2 KAPPA VTVT Manual,"33,678 km1st OwnerPetrol","₹446,299"," ₹21,000 OFF","₹467,299",Zero downpayment,"₹9,928/month"
,,,,,,,
,,,,,,,
2018 Maruti CelerioVXI AMT Automatic,VXI AMT Automatic,"20,753 km2nd OwnerPetrol","₹463,399"," ₹10,000 OFF","₹473,399",Zero downpayment,"₹10,308/month"
2019 Hyundai NEW SANTROSPORTZ 1.1 ,SPORTZ 1.1 ,"2,639 km1st OwnerPetrol","₹549,399"," ₹5,000 OFF","₹554,399",Zero downpayment,"₹12,221/month"
2017 Hyundai Creta1.6 CRDI SX PLUS AUTO Automatic,1.6 CRDI SX PLUS AUTO Automatic,"97,226 km1st OwnerDiesel","₹1,128,199"," ₹10,000 OFF","₹1,138,199",Zero downpayment,"₹25,096/month"
2018 Maruti Vitara BrezzaZDI+ DUAL TONE AMT ,ZDI+ DUAL TONE AMT ,"38,175 km1st OwnerDiesel","₹940,699"," ₹36,000 OFF","₹976,699",Zero downpayment,"₹20,925/month"
2018 Maruti DzireVDI Manual,VDI Manual,"64,285 km1st OwnerDiesel","₹730,799"," ₹17,000 OFF","₹747,799",Zero downpayment,"₹16,256/month"
2019 Maruti Vitara BrezzaZDI Manual,ZDI Manual,"31,803 km1st OwnerDiesel","₹916,799"," ₹8,000 OFF","₹924,799",Zero downpayment,"₹20,394/month"
2014 Maruti Alto 800LXI Manual,LXI Manual,"46,886 km2nd OwnerPetrol","₹274,699"," ₹15,000 OFF","₹289,699",Zero downpayment,"₹6,111/month"
2012 Hyundai i20MAGNA O 1.4 CRDI Manual,MAGNA O 1.4 CRDI Manual,"124,487 km1st OwnerDiesel","₹489,599"," ₹5,000 OFF","₹494,599",Zero downpayment,"₹10,891/month"
2013 Hyundai i10SPORTZ 1.2 AT KAPPA2 Automatic,SPORTZ 1.2 AT KAPPA2 Automatic,"38,942 km2nd OwnerPetrol","₹355,699"," ₹5,000 OFF","₹360,699",Zero downpayment,"₹7,912/month"
2020 Maruti S PRESSOVXI Manual,VXI Manual,"8,651 km1st OwnerPetrol","₹432,599"," ₹17,000 OFF","₹449,599",Zero downpayment,"₹9,623/month"
2013 Maruti Swift DzireVXI 1.2 BS IV Manual,VXI 1.2 BS IV Manual,"27,784 km1st OwnerPetrol","₹459,199"," ₹25,000 OFF","₹484,199",Zero downpayment,"₹10,215/month"
2020 MG HECTORSMART DCT PETROL Automatic,SMART DCT PETROL Automatic,"9,047 km1st OwnerPetrol","₹1,803,299"," ₹5,000 OFF","₹1,808,299",Zero downpayment,"₹40,113/month"
2017 Maruti CelerioZXI Manual,ZXI Manual,"4,520 km1st OwnerPetrol","₹461,499"," ₹12,000 OFF","₹473,499",Zero downpayment,"₹10,266/month"
2015 Maruti Alto 800LXI Manual,LXI Manual,"32,560 km2nd OwnerPetrol","₹258,399"," ₹17,000 OFF","₹275,399",Zero downpayment,"₹5,748/month"
2015 Maruti Alto K10VXI Manual,VXI Manual,"25,490 km1st OwnerPetrol","₹326,399"," ₹21,000 OFF","₹347,399",Zero downpayment,"₹7,261/month"
2017 Hyundai Grand i10SPORTZ (O) 1.2 AT VTVT Manual,SPORTZ (O) 1.2 AT VTVT Manual,"27,268 km1st OwnerPetrol","₹546,499"," ₹35,000 OFF","₹581,499",Zero downpayment,"₹12,157/month"
2018 Maruti Alto K10VXI (O) AMT Manual,VXI (O) AMT Manual,"19,746 km1st OwnerPetrol","₹381,199"," ₹5,000 OFF","₹386,199",Zero downpayment,"₹8,480/month"
2018 Maruti Alto K10VXI (O) AMT Manual,VXI (O) AMT Manual,"14,908 km3rd OwnerPetrol","₹384,699"," ₹25,000 OFF","₹409,699",Zero downpayment,"₹8,557/month"
2015 Maruti Alto K10VXI Manual,VXI Manual,"12,341 km2nd OwnerPetrol","₹311,499"," ₹32,000 OFF","₹343,499",Zero downpayment,"₹6,929/month"
2017 Maruti Alto 800LXI Manual,LXI Manual,"15,575 km1st OwnerPetrol","₹313,799"," ₹5,000 OFF","₹318,799",Zero downpayment,"₹6,980/month"
,,,,,,,
,,,,,,,
2017 Maruti Alto 800LXI Manual,LXI Manual,"12,393 km1st OwnerPetrol","₹324,199"," ₹43,000 OFF","₹367,199",Zero downpayment,"₹7,212/month"
2017 Maruti Alto 800LXI Manual,LXI Manual,"18,797 km1st OwnerPetrol","₹323,899"," ₹15,000 OFF","₹338,899",Zero downpayment,"₹7,205/month"
2018 Maruti Alto 800LXI Manual,LXI Manual,"27,957 km1st OwnerPetrol","₹324,299"," ₹18,000 OFF","₹342,299",Zero downpayment,"₹7,214/month"
2017 Maruti Alto 800LXI Manual,LXI Manual,"22,244 km1st OwnerPetrol","₹326,599"," ₹15,000 OFF","₹341,599",Zero downpayment,"₹7,265/month"
2017 Maruti DzireZXI Manual,ZXI Manual,"37,024 km1st OwnerPetrol","₹562,099"," ₹50,000 OFF","₹612,099",Zero downpayment,"₹12,504/month"
2016 Maruti CelerioVXI AMT Automatic,VXI AMT Automatic,"51,815 km2nd OwnerPetrol","₹391,399"," ₹18,000 OFF","₹409,399",Zero downpayment,"₹8,706/month"
2014 Maruti CelerioVXI Manual,VXI Manual,"33,246 km1st OwnerPetrol","₹406,299"," ₹15,000 OFF","₹421,299",Zero downpayment,"₹9,038/month"
2013 Maruti Swift DzireZXI 1.2 BS IV Manual,ZXI 1.2 BS IV Manual,"39,859 km1st OwnerPetrol","₹416,299"," ₹22,000 OFF","₹438,299",Zero downpayment,"₹9,260/month"
2017 Maruti IGNISZETA 1.2 K12 AMT Automatic,ZETA 1.2 K12 AMT Automatic,"16,256 km1st OwnerPetrol","₹545,799"," ₹20,000 OFF","₹565,799",Zero downpayment,"₹12,141/month"
2017 Maruti Alto 800LXI OPT Manual,LXI OPT Manual,"54,305 km1st OwnerPetrol","₹300,099"," ₹11,000 OFF","₹311,099",Zero downpayment,"₹6,676/month"
2017 Hyundai Creta1.6 SX PLUS AUTO PETROL Automatic,1.6 SX PLUS AUTO PETROL Automatic,"31,602 km1st OwnerPetrol","₹1,093,399"," ₹5,000 OFF","₹1,098,399",Zero downpayment,"₹24,322/month"
2018 Honda CityVX CVT PETROL Automatic,VX CVT PETROL Automatic,"17,138 km2nd OwnerPetrol","₹983,099"," ₹45,000 OFF","₹1,028,099",Zero downpayment,"₹21,868/month"
2018 Hyundai EonSPORTZ Manual,SPORTZ Manual,"5,701 km1st OwnerPetrol","₹363,999"," ₹20,000 OFF","₹383,999",Zero downpayment,"₹8,097/month"
2020 Ford Ecosport1.5TITANIUM TDCI Manual,1.5TITANIUM TDCI Manual,"7,261 km1st OwnerDiesel","₹1,011,099"," ₹32,000 OFF","₹1,043,099",Zero downpayment,"₹22,491/month"
2013 Hyundai i10ASTA 1.2 AT KAPPA2 WITH SUNROOF Automatic,ASTA 1.2 AT KAPPA2 WITH SUNROOF Automatic,"30,624 km3rd OwnerPetrol","₹398,999"," ₹22,000 OFF","₹420,999",Zero downpayment,"₹8,876/month"
2017 Honda Jazz1.2 V AT Automatic,1.2 V AT Automatic,"48,106 km2nd OwnerPetrol","₹606,299"," ₹30,000 OFF","₹636,299",Zero downpayment,"₹13,487/month"
2012 Volkswagen PoloHIGHLINE1.2L DIESEL Manual,HIGHLINE1.2L DIESEL Manual,"67,595 km2nd OwnerDiesel","₹258,399"," ₹5,000 OFF","₹263,399",Zero downpayment,"₹5,748/month"
2009 Maruti A StarVXI Manual,VXI Manual,"94,540 km1st OwnerPetrol","₹186,799"," ₹10,000 OFF","₹196,799",Zero downpayment,"₹4,155/month"
2013 Skoda Rapid1.6 TDI MT AMBITION PLUS Manual,1.6 TDI MT AMBITION PLUS Manual,"79,565 km1st OwnerDiesel","₹372,999"," ₹20,000 OFF","₹392,999",Zero downpayment,"₹8,297/month"
2011 Honda CityS MT PETROL Manual,S MT PETROL Manual,"101,973 km2nd OwnerPetrol","₹306,899"," ₹17,000 OFF","₹323,899",Zero downpayment,"₹6,827/month"
,,,,,,,
,,,,,,,
2018 Tata TiagoXE 1.2 REVOTRON Manual,XE 1.2 REVOTRON Manual,"12,651 km1st OwnerPetrol","₹377,899"," ₹18,000 OFF","₹395,899",Zero downpayment,"₹8,406/month"
2019 Hyundai Verna1.6 SX VTVT Manual,1.6 SX VTVT Manual,"11,728 km1st OwnerPetrol","₹893,199"," ₹5,000 OFF","₹898,199",Zero downpayment,"₹19,869/month"
2015 Skoda OctaviaELEGANCE 1.8 TSI AT Automatic,ELEGANCE 1.8 TSI AT Automatic,"93,768 km1st OwnerPetrol","₹803,499",,,Zero downpayment,"₹17,873/month"
2016 Ford New Figo1.2 TITANIUM Manual,1.2 TITANIUM Manual,"21,454 km3rd OwnerPetrol","₹395,099"," ₹12,000 OFF","₹407,099",Zero downpayment,"₹8,789/month"
2015 Maruti CiazZDI+ SHVS Manual,ZDI+ SHVS Manual,"125,499 km1st OwnerDiesel","₹589,299"," ₹31,000 OFF","₹620,299",Zero downpayment,"₹13,109/month"
2014 Maruti SwiftVXI Manual,VXI Manual,"118,396 km1st OwnerPetrol","₹384,799"," ₹21,000 OFF","₹405,799",Zero downpayment,"₹8,560/month"
2017 Maruti DzireZXI AMT Automatic,ZXI AMT Automatic,"116,512 km1st OwnerPetrol","₹575,499"," ₹18,000 OFF","₹593,499",Zero downpayment,"₹12,802/month"
2016 Hyundai Creta1.6 SX PLUS AUTO PETROL Automatic,1.6 SX PLUS AUTO PETROL Automatic,"14,897 km1st OwnerPetrol","₹989,499"," ₹50,000 OFF","₹1,039,499",Zero downpayment,"₹22,011/month"
2014 Maruti CelerioVXI AMT Automatic,VXI AMT Automatic,"15,647 km1st OwnerPetrol","₹370,399"," ₹12,000 OFF","₹382,399",Zero downpayment,"₹8,239/month"
2015 Maruti Swift DzireVDI ABS Manual,VDI ABS Manual,"111,167 km2nd OwnerDiesel","₹500,099"," ₹11,000 OFF","₹511,099",Zero downpayment,"₹11,124/month"
2014 Hyundai VernaFLUIDIC 1.6 SX VTVT Manual,FLUIDIC 1.6 SX VTVT Manual,"43,443 km1st OwnerPetrol","₹540,299"," ₹10,000 OFF","₹550,299",Zero downpayment,"₹12,019/month"
2013 Honda Amaze1.2 EXMT I VTEC Manual,1.2 EXMT I VTEC Manual,"15,271 km1st OwnerPetrol","₹414,599"," ₹22,000 OFF","₹436,599",Zero downpayment,"₹9,223/month"
2016 Honda BR-V1.5 i-VTEC V CVT Automatic,1.5 i-VTEC V CVT Automatic,"35,112 km1st OwnerPetrol","₹781,999"," ₹42,000 OFF","₹823,999",Zero downpayment,"₹17,395/month"
2016 Maruti Vitara BrezzaZDI PLUS DUAL TONE Manual,ZDI PLUS DUAL TONE Manual,"96,919 km2nd OwnerDiesel","₹672,399"," ₹50,000 OFF","₹722,399",Zero downpayment,"₹14,957/month"
2015 Maruti Wagon R 1.0LXI Manual,LXI Manual,"57,492 km1st OwnerPetrol","₹328,999"," ₹30,000 OFF","₹358,999",Zero downpayment,"₹7,318/month"
2015 Hyundai Creta1.6 SX CRDI Manual,1.6 SX CRDI Manual,"102,938 km1st OwnerDiesel","₹774,299"," ₹35,000 OFF","₹809,299",Zero downpayment,"₹17,224/month"
2014 Maruti SwiftVDI Manual,VDI Manual,"89,794 km1st OwnerDiesel","₹465,699"," ₹25,000 OFF","₹490,699",Zero downpayment,"₹10,359/month"
2015 Maruti Alto K10VXI AMT Manual,VXI AMT Manual,"9,226 km1st OwnerPetrol","₹336,599"," ₹10,000 OFF","₹346,599",Zero downpayment,"₹7,487/month"
2014 Honda Mobilio1.5 S I DTEC Manual,1.5 S I DTEC Manual,"24,169 km1st OwnerDiesel","₹500,099"," ₹35,000 OFF","₹535,099",Zero downpayment,"₹11,124/month"
2017 Tata TiagoXZ 1.2 REVOTRON Manual,XZ 1.2 REVOTRON Manual,"26,102 km1st OwnerPetrol","₹463,199"," ₹26,000 OFF","₹489,199",Zero downpayment,"₹10,304/month"
,,,,,,,
,,,,,,,
2018 Maruti CiazALPHA 1.3 DDIS SHVS Manual,ALPHA 1.3 DDIS SHVS Manual,"50,685 km1st OwnerDiesel","₹772,199"," ₹50,000 OFF","₹822,199",Zero downpayment,"₹17,177/month"
2011 Honda Jazz1.2 SELECT I VTEC Manual,1.2 SELECT I VTEC Manual,"121,543 km1st OwnerPetrol","₹252,399"," ₹14,000 OFF","₹266,399",Zero downpayment,"₹5,614/month"
2017 Maruti Wagon R 1.0VXI Manual,VXI Manual,"33,826 km1st OwnerPetrol","₹405,399"," ₹5,000 OFF","₹410,399",Zero downpayment,"₹9,018/month"
2018 Volkswagen PoloHIGH LINE PLUS 1.0 Manual,HIGH LINE PLUS 1.0 Manual,"9,207 km1st OwnerPetrol","₹655,599"," ₹19,000 OFF","₹674,599",Zero downpayment,"₹14,583/month"
2018 Maruti CelerioZXI Manual,ZXI Manual,"10,199 km1st OwnerPetrol","₹456,199"," ₹38,000 OFF","₹494,199",Zero downpayment,"₹10,148/month"
2018 Maruti S CrossALPHA SHVS Manual,ALPHA SHVS Manual,"28,912 km1st OwnerDiesel","₹928,799"," ₹41,000 OFF","₹969,799",Zero downpayment,"₹20,661/month"
2018 Maruti S CrossZETA 1.3 SHVS Manual,ZETA 1.3 SHVS Manual,"19,001 km1st OwnerDiesel","₹814,699"," ₹10,000 OFF","₹824,699",Zero downpayment,"₹18,123/month"
2014 Hyundai EonSPORTZ Manual,SPORTZ Manual,"63,171 km1st OwnerPetrol","₹240,399"," ₹50,000 OFF","₹290,399",Zero downpayment,"₹5,348/month"
2018 Honda WR-V1.5 i-DTEC VX MT Manual,1.5 i-DTEC VX MT Manual,"37,639 km1st OwnerDiesel","₹756,599"," ₹50,000 OFF","₹806,599",Zero downpayment,"₹16,830/month"
2017 Hyundai XcentE PLUS Manual,E PLUS Manual,"45,922 km1st OwnerPetrol","₹462,099"," ₹50,000 OFF","₹512,099",Zero downpayment,"₹10,279/month"
2018 Maruti BalenoALPHA 1.2 K12 AMT Automatic,ALPHA 1.2 K12 AMT Automatic,"28,661 km1st OwnerPetrol","₹704,099"," ₹50,000 OFF","₹754,099",Zero downpayment,"₹15,662/month"
2018 Honda Amaze1.2 V CVT I VTEC Manual,1.2 V CVT I VTEC Manual,"48,214 km1st OwnerPetrol","₹636,899"," ₹31,000 OFF","₹667,899",Zero downpayment,"₹14,167/month"
2019 Honda AmazeVX AT I DTEC Automatic,VX AT I DTEC Automatic,"23,810 km2nd OwnerDiesel","₹775,499"," ₹50,000 OFF","₹825,499",Zero downpayment,"₹17,251/month"
2017 Hyundai XcentS 1.2 Manual,S 1.2 Manual,"31,123 km1st OwnerPetrol","₹448,199"," ₹24,000 OFF","₹472,199",Zero downpayment,"₹9,970/month"
2019 Honda CivicVX CVT i-VTEC Automatic,VX CVT i-VTEC Automatic,"15,611 km1st OwnerPetrol","₹1,527,199"," ₹5,000 OFF","₹1,532,199",Zero downpayment,"₹33,972/month"
2016 Volkswagen AmeoHIGHLINE 1.2 Manual,HIGHLINE 1.2 Manual,"32,750 km2nd OwnerPetrol","₹473,299"," ₹27,000 OFF","₹500,299",Zero downpayment,"₹10,528/month"
2017 Hyundai Creta1.6 CRDI SX PLUS AUTO Automatic,1.6 CRDI SX PLUS AUTO Automatic,"79,362 km1st OwnerDiesel","₹1,103,399"," ₹50,000 OFF","₹1,153,399",Zero downpayment,"₹24,545/month"
2014 Maruti CelerioVXI Manual,VXI Manual,"64,208 km1st OwnerPetrol","₹384,899"," ₹28,000 OFF","₹412,899",Zero downpayment,"₹8,562/month"
2016 Hyundai Grand i10ASTA AT 1.2 KAPPA VTVT Manual,ASTA AT 1.2 KAPPA VTVT Manual,"29,826 km1st OwnerPetrol","₹419,999"," ₹50,000 OFF","₹469,999",Zero downpayment,"₹9,343/month"
2016 Hyundai Grand i10SPORTZ 1.2 KAPPA VTVT Manual,SPORTZ 1.2 KAPPA VTVT Manual,"33,565 km2nd OwnerPetrol","₹414,099"," ₹22,000 OFF","₹436,099",Zero downpayment,"₹9,211/month"
,,,,,,,
,,,,,,,
2017 Datsun Redi GoT (O) Manual,T (O) Manual,"17,774 km1st OwnerPetrol","₹256,799"," ₹14,000 OFF","₹270,799",Zero downpayment,"₹5,712/month"
2014 Maruti CelerioVXI Manual,VXI Manual,"48,309 km1st OwnerPetrol","₹359,699"," ₹32,000 OFF","₹391,699",Zero downpayment,"₹8,001/month"
2019 Maruti New  Wagon-RZXI 1.2 Manual,ZXI 1.2 Manual,"10,067 km1st OwnerPetrol","₹516,499"," ₹16,000 OFF","₹532,499",Zero downpayment,"₹11,489/month"
2016 Hyundai Elite i20MAGNA 1.2 Manual,MAGNA 1.2 Manual,"28,761 km1st OwnerPetrol","₹507,999"," ₹50,000 OFF","₹557,999",Zero downpayment,"₹11,300/month"
2012 Honda Jazz1.2 SELECT I VTEC Manual,1.2 SELECT I VTEC Manual,"65,710 km2nd OwnerPetrol","₹323,899"," ₹17,000 OFF","₹340,899",Zero downpayment,"₹7,205/month"
2018 Hyundai Verna1.6 SX (O) CRDI MT Manual,1.6 SX (O) CRDI MT Manual,"35,363 km1st OwnerDiesel","₹1,030,799"," ₹50,000 OFF","₹1,080,799",Zero downpayment,"₹22,930/month"
2014 Honda CityS MT PETROL Manual,S MT PETROL Manual,"146,906 km1st OwnerPetrol","₹451,899"," ₹10,000 OFF","₹461,899",Zero downpayment,"₹10,052/month"
2014 Ford Ecosport1.0 ECOBOOST TITANIUM OPT Manual,1.0 ECOBOOST TITANIUM OPT Manual,"44,165 km1st OwnerPetrol","₹466,999"," ₹25,000 OFF","₹491,999",Zero downpayment,"₹10,388/month"
2020 Maruti BalenoZETA 1.2 K12 Manual,ZETA 1.2 K12 Manual,"20,524 km2nd OwnerPetrol","₹631,099"," ₹50,000 OFF","₹681,099",Zero downpayment,"₹14,038/month"
2013 Hyundai EonMAGNA PLUS Manual,MAGNA PLUS Manual,"13,809 km1st OwnerPetrol","₹219,699"," ₹12,000 OFF","₹231,699",Zero downpayment,"₹4,887/month"
2014 Ford Ecosport1.5 TREND TI VCT Manual,1.5 TREND TI VCT Manual,"41,955 km1st OwnerPetrol","₹451,099"," ₹34,000 OFF","₹485,099",Zero downpayment,"₹10,034/month"
2019 KIA SELTOSHTX+ AT 1.5 DIESEL Automatic,HTX+ AT 1.5 DIESEL Automatic,"34,292 km1st OwnerDiesel","₹1,612,099"," ₹49,000 OFF","₹1,661,099",Zero downpayment,"₹35,860/month"
2018 Tata TiagoXZ 1.2 REVOTRON Manual,XZ 1.2 REVOTRON Manual,"25,032 km1st OwnerPetrol","₹451,199"," ₹24,000 OFF","₹475,199",Zero downpayment,"₹10,037/month"
2018 Maruti BalenoZETA 1.2 K12 Manual,ZETA 1.2 K12 Manual,"19,481 km1st OwnerPetrol","₹634,199"," ₹18,000 OFF","₹652,199",Zero downpayment,"₹14,107/month"
2013 Maruti RitzVXI BS IV Manual,VXI BS IV Manual,"21,445 km2nd OwnerPetrol","₹323,899"," ₹17,000 OFF","₹340,899",Zero downpayment,"₹7,205/month"
2016 Maruti CelerioVDI Manual,VDI Manual,"84,347 km1st OwnerDiesel","₹382,899"," ₹21,000 OFF","₹403,899",Zero downpayment,"₹8,517/month"
2018 Hyundai Creta1.6 SX VTVT Manual,1.6 SX VTVT Manual,"15,061 km1st OwnerPetrol","₹1,019,299"," ₹33,000 OFF","₹1,052,299",Zero downpayment,"₹22,674/month"
2018 Maruti IGNISDELTA 1.2 K12 Manual,DELTA 1.2 K12 Manual,"12,811 km2nd OwnerPetrol","₹441,499"," ₹33,000 OFF","₹474,499",Zero downpayment,"₹9,821/month"
2019 Tata NEXONXZA + 1.2 PETROL A/T Automatic,XZA + 1.2 PETROL A/T Automatic,"15,672 km1st OwnerPetrol","₹862,599"," ₹6,000 OFF","₹868,599",Zero downpayment,"₹19,188/month"
2017 Mahindra TUV300T10 MT Manual,T10 MT Manual,"57,820 km2nd OwnerDiesel","₹685,299"," ₹38,000 OFF","₹723,299",Zero downpayment,"₹15,244/month"
,,,,,,,
,,,,,,,
2017 Maruti Vitara BrezzaVDI OPT Manual,VDI OPT Manual,"38,464 km1st OwnerDiesel","₹732,399"," ₹34,000 OFF","₹766,399",Zero downpayment,"₹16,292/month"
2018 Tata HexaVaricor 400 XTA Automatic,Varicor 400 XTA Automatic,"39,905 km1st OwnerDiesel","₹1,355,199"," ₹5,000 OFF","₹1,360,199",Zero downpayment,"₹30,146/month"
2018 Ford Ecosport1.5 TITANIUM PLUS TI VCT AT Manual,1.5 TITANIUM PLUS TI VCT AT Manual,"29,751 km1st OwnerPetrol","₹834,499"," ₹21,000 OFF","₹855,499",Zero downpayment,"₹18,563/month"
2015 Maruti SwiftVXI Manual,VXI Manual,"44,747 km1st OwnerPetrol","₹427,899"," ₹22,000 OFF","₹449,899",Zero downpayment,"₹9,518/month"
2015 Volkswagen JettaHIGHLINE TDI AT Automatic,HIGHLINE TDI AT Automatic,"99,881 km1st OwnerDiesel","₹967,499"," ₹23,000 OFF","₹990,499",Zero downpayment,"₹21,521/month"
2019 Maruti ErtigaZDI PLUS SHVS Manual,ZDI PLUS SHVS Manual,"24,585 km1st OwnerDiesel","₹1,206,899"," ₹38,000 OFF","₹1,244,899",Zero downpayment,"₹26,847/month"
2018 Tata HexaVaricor 400 XTA Automatic,Varicor 400 XTA Automatic,"63,249 km1st OwnerDiesel","₹1,246,199"," ₹24,000 OFF","₹1,270,199",Zero downpayment,"₹27,721/month"
2017 Ford Ecosport1.5 TITANIUM TI VCT Manual,1.5 TITANIUM TI VCT Manual,"10,720 km1st OwnerPetrol","₹683,699"," ₹33,000 OFF","₹716,699",Zero downpayment,"₹15,209/month"
2017 Hyundai Elite i20ASTA 1.2 Manual,ASTA 1.2 Manual,"11,775 km1st OwnerPetrol","₹654,999"," ₹5,000 OFF","₹659,999",Zero downpayment,"₹14,570/month"
2014 Hyundai Grand i10MAGNA 1.2 KAPPA VTVT Manual,MAGNA 1.2 KAPPA VTVT Manual,"52,072 km1st OwnerPetrol","₹402,899"," ₹8,000 OFF","₹410,899",Zero downpayment,"₹8,962/month"
2018 Maruti BalenoDELTA 1.2 K12 Manual,DELTA 1.2 K12 Manual,"9,439 km1st OwnerPetrol","₹603,999"," ₹11,000 OFF","₹614,999",Zero downpayment,"₹13,436/month"
2016 Hyundai Grand i10SPORTZ 1.2 KAPPA VTVT Manual,SPORTZ 1.2 KAPPA VTVT Manual,"6,353 km1st OwnerPetrol","₹451,699"," ₹39,000 OFF","₹490,699",Zero downpayment,"₹10,048/month"
2016 Maruti CelerioZXI Manual,ZXI Manual,"39,682 km1st OwnerPetrol","₹419,599"," ₹18,000 OFF","₹437,599",Zero downpayment,"₹9,334/month"
2010 Hyundai i20MAGNA O 1.2 Manual,MAGNA O 1.2 Manual,"87,846 km2nd OwnerPetrol + CNG","₹163,299"," ₹39,880 OFF","₹203,179",Zero downpayment,"₹3,632/month"
2017 Tata TiagoXZ 1.2 REVOTRON Manual,XZ 1.2 REVOTRON Manual,"16,358 km1st OwnerPetrol","₹397,099"," ₹5,000 OFF","₹402,099",Zero downpayment,"₹8,833/month"
2012 Maruti SwiftZXI Manual,ZXI Manual,"78,889 km1st OwnerPetrol","₹378,499"," ₹13,000 OFF","₹391,499",Zero downpayment,"₹8,420/month"
2014 Hyundai XcentS 1.2 Manual,S 1.2 Manual,"35,256 km1st OwnerPetrol","₹381,699"," ₹31,000 OFF","₹412,699",Zero downpayment,"₹8,491/month"
2016 Maruti ErtigaVDI SHVS Manual,VDI SHVS Manual,"78,094 km1st OwnerDiesel","₹763,199"," ₹18,000 OFF","₹781,199",Zero downpayment,"₹16,977/month"
2018 Datsun Redi GoA Manual,A Manual,"4,190 km1st OwnerPetrol","₹266,799"," ₹14,000 OFF","₹280,799",Zero downpayment,"₹5,935/month"
2014 Maruti Wagon R 1.0VXI Manual,VXI Manual,"73,032 km1st OwnerPetrol","₹320,099"," ₹17,000 OFF","₹337,099",Zero downpayment,"₹7,120/month"
,,,,,,,
,,,,,,,
2016 Ford Ecosport1.5TITANIUM TDCI Manual,1.5TITANIUM TDCI Manual,"51,849 km1st OwnerDiesel","₹612,399"," ₹35,000 OFF","₹647,399",Zero downpayment,"₹13,622/month"
2017 Maruti SwiftZXI Manual,ZXI Manual,"14,505 km1st OwnerPetrol","₹543,299"," ₹38,000 OFF","₹581,299",Zero downpayment,"₹12,085/month"
2017 Maruti ErtigaVDI SHVS Manual,VDI SHVS Manual,"93,844 km1st OwnerDiesel","₹757,699"," ₹32,000 OFF","₹789,699",Zero downpayment,"₹16,855/month"
2016 Maruti BalenoDELTA DDIS 190 Manual,DELTA DDIS 190 Manual,"96,899 km1st OwnerDiesel","₹568,999"," ₹5,000 OFF","₹573,999",Zero downpayment,"₹12,657/month"
2017 Maruti CelerioVXI Manual,VXI Manual,"10,142 km1st OwnerPetrol","₹409,799"," ₹22,000 OFF","₹431,799",Zero downpayment,"₹9,116/month"
2014 Hyundai Elite i20ASTA 1.2 Manual,ASTA 1.2 Manual,"80,954 km1st OwnerPetrol","₹516,499"," ₹8,000 OFF","₹524,499",Zero downpayment,"₹11,489/month"
2020 Maruti New  Wagon-RLXI CNG 1.0 L Manual,LXI CNG 1.0 L Manual,"9,595 km1st OwnerPetrol + CNG","₹589,399"," ₹31,000 OFF","₹620,399",Zero downpayment,"₹13,111/month"
2015 Maruti Alto 800LXI CNG Manual,LXI CNG Manual,"61,386 km3rd OwnerPetrol + CNG","₹236,499"," ₹13,000 OFF","₹249,499",Zero downpayment,"₹5,261/month"
2017 Maruti BalenoDELTA 1.2 K12 Manual,DELTA 1.2 K12 Manual,"10,530 km1st OwnerPetrol","₹622,199"," ₹5,000 OFF","₹627,199",Zero downpayment,"₹13,840/month"
2019 Hyundai GRAND I10 NIOSSPORTZ 1.2 AT Automatic,SPORTZ 1.2 AT Automatic,"2,047 km1st OwnerPetrol","₹719,399"," ₹11,000 OFF","₹730,399",Zero downpayment,"₹16,003/month"
2019 Renault KwidRXT Opt Manual,RXT Opt Manual,"4,523 km1st OwnerPetrol","₹381,799"," ₹29,000 OFF","₹410,799",Zero downpayment,"₹8,493/month"
2015 Hyundai EonERA PLUS Manual,ERA PLUS Manual,"20,419 km1st OwnerPetrol","₹311,699"," ₹17,000 OFF","₹328,699",Zero downpayment,"₹6,934/month"
2015 Hyundai Grand i10ASTA 1.2 VTVT Manual,ASTA 1.2 VTVT Manual,"80,058 km1st OwnerPetrol","₹387,099"," ₹19,000 OFF","₹406,099",Zero downpayment,"₹8,611/month"
2019 Maruti DzireVXI Manual,VXI Manual,"19,015 km1st OwnerPetrol","₹653,799"," ₹16,000 OFF","₹669,799",Zero downpayment,"₹14,543/month"
2016 Maruti BalenoDELTA 1.2 K12 AT Automatic,DELTA 1.2 K12 AT Automatic,"26,581 km1st OwnerPetrol","₹591,099"," ₹34,000 OFF","₹625,099",Zero downpayment,"₹13,149/month"
